file_name,alt_text,media_title,caption,description,page_context
power-roofing-ny-roofing-contractor-logo.webp,Power Roofing NYC roofing contractor logo,Power Roofing NYC Logo,"Power Roofing NYC roofing contractor serving Brooklyn, Queens, and New York City.",Official Power Roofing NYC logo used in the website header and footer for brand recognition and local trust signals.,Brand logo
hero-roofing-services.webp,Power Roofing NYC roofers working on a New York roof,Power Roofing NYC Roofing Services,Power Roofing NYC roofers working on a roof in New York City.,Hero and supporting image for Power Roofing NYC roofing services and contact page sections.,Hero background and services proof image
roof-damage-repair-nyc.webp,Roof damage repair service in New York City,Roof Damage Repair NYC,Roof damage repair service for a New York City property.,Background image for emergency roof help and storm damage repair messaging on the contact page.,Emergency roofing background
cta-roofing-crew-section-fit.jpg,Power Roofing NYC crew working on a flat roof,Power Roofing NYC Roofing Crew,Power Roofing NYC roofing crew working on a flat roof project.,Final call to action background showing real roofing work instead of a generic consultation photo.,Final CTA background
roof-repair-nyc.webp,Power Roofing NYC crew completing roof repair work,Roof Repair NYC,Power Roofing NYC crew completing roof repair work in New York City.,Service image for roof repair pages and contact page service cards targeting roof repair in NYC.,Roof repair service image
roof-replacement-far-rockaway.webp,Roof replacement project in New York,Roof Replacement NYC,Roof replacement project completed for a New York property.,Service image for roof replacement content and internal service cards.,Roof replacement service image
roof-installation-new-york.webp,New roof installation by Power Roofing NYC,Roof Installation NYC,New roof installation work by Power Roofing NYC.,Service image for roof installation content and calls to action across the services page.,Roof installation service image
flat-roof-repair.jpg,Flat roof repair and membrane service,Flat Roof Repair NYC,Flat roof repair and membrane work for a New York City roof.,"Service image for flat roof repair, membrane repair, and low slope roof service content.",Flat roof repair service image
commercial-roofing.jpg,Commercial roofing service for a New York property,Commercial Roofing NYC,Commercial roofing crew working on a New York roof.,Service image for commercial roofing sections and proof of roof work context.,Commercial roofing service image
siding-weather-barrier-installation.jpg,Siding installation with weather barrier and gutter detail,Siding Installation With Weather Barrier,Siding installation showing weather barrier protection before exterior siding is installed.,Service image for siding and gutters that shows proper weather barrier installation under the siding.,Siding and gutters service image
roof-inspection.jpg,Roof inspection service in NYC,Roof Inspection NYC,Roof inspection service on a flat roof in New York City.,"Service image for roof inspection, roof report, and insurance documentation content.",Roof inspection service image
roof-cleaning.jpg,Roof cleaning service in NYC,Roof Cleaning NYC,Roof cleaning service for a New York City roofing system.,Service image for roof cleaning and roof maintenance sections.,Roof cleaning service image
flat-roof-after.webp,Flat roof installation service in NYC,Flat Roof Installation NYC,Finished flat roof installation for a New York City property.,Service image for flat roof installation and completed flat roof project proof.,Flat roof installation service image
commercial-roof-coating.webp,Commercial roof coating service in NYC,Commercial Roof Coating NYC,Commercial roof coating service on a flat roof in New York City.,Service image for roof coating and reflective coating content.,Commercial roof coating service image
gutter-installation.webp,Gutter installation service in NYC,Gutter Installation NYC,Gutter installation service for a New York City property.,Service image for gutter installation and gutter replacement service cards.,Gutter installation service image
gutter-repair.jpg,Gutter repair service in NYC,Gutter Repair NYC,Gutter repair work for a residential or commercial property in New York City.,Service image for gutter repair service content and internal linking.,Gutter repair service image
gutter-cleaning-nyc.webp,Gutter cleaning service in NYC,Gutter Cleaning NYC,Gutter cleaning service for a New York City property.,Service image for gutter cleaning and drainage maintenance services.,Gutter cleaning service image
siding-contractor-new-york.webp,Siding services in NYC,Siding Services NYC,Siding services for a New York City property.,Service image for siding services and exterior wall protection content.,Siding services image
siding-service.webp,Siding installation service in NYC,Siding Installation NYC,Siding installation service for a New York City property.,Service image for siding installation content and related service cards.,Siding installation service image
siding-repair-ai.jpg,Siding repair service in NYC,Siding Repair NYC,Siding repair service for a New York City property.,Service image for siding repair content and siding service cards.,Siding repair service image
skylight-service.webp,Skylight installation service in NYC,Skylight Installation NYC,Skylight installation service for a New York City roof.,Service image for skylight installation and roof opening waterproofing content.,Skylight installation service image
skylight-new-york.webp,Skylight repair service in NYC,Skylight Repair NYC,Skylight repair service for a New York City roof.,Service image for skylight repair and leak prevention content.,Skylight repair service image
custom-skylight.jpg,Custom skylight service in NYC,Custom Skylight NYC,Custom skylight service for a New York City roof.,Service image for custom skylight installation and replacement content.,Custom skylight service image
attic-venting.webp,Attic vent installation service in NYC,Attic Vent Installation NYC,Attic vent installation service for a New York City roofing system.,"Service image for attic venting, roof ventilation, and airflow improvements.",Attic venting service image
attic-venting-installation-nyc.webp,Attic vent repair service in NYC,Attic Vent Repair NYC,Attic vent repair service for a New York City roof.,Service image for attic vent repair and roof ventilation service content.,Attic vent repair service image
branded-truck.webp,Power Roofing NYC branded service truck,Power Roofing NYC Service Truck,Power Roofing NYC branded service truck for local roofing calls.,Brand proof image used for local trust and company recognition in design mockups.,Brand proof image
